Timestamp,User Count,Type,Name,Requests/s,Failures/s,50%,66%,75%,80%,90%,95%,98%,99%,99.9%,99.99%,100%,Total Request Count,Total Failure Count,Total Median Response Time,Total Average Response Time,Total Min Response Time,Total Max Response Time,Total Average Content Size
1747764931,0,,Aggregated,0.000000,0.000000,N/A,N/A,N/A,N/A,N/A,N/A,N/A,N/A,N/A,N/A,N/A,0,0,0,0.0,0,0,0
1747764932,1,,Aggregated,0.000000,0.000000,N/A,N/A,N/A,N/A,N/A,N/A,N/A,N/A,N/A,N/A,N/A,0,0,0,0.0,0,0,0
1747764933,2,,Aggregated,0.000000,0.000000,N/A,N/A,N/A,N/A,N/A,N/A,N/A,N/A,N/A,N/A,N/A,0,0,0,0.0,0,0,0
1747764934,2,,Aggregated,0.000000,0.000000,2300,2300,2300,2300,2300,2300,2300,2300,2300,2300,2300,1,0,2265.793015999975,2265.793015999975,2265.793015999975,2265.793015999975,144.0
1747764935,2,,Aggregated,0.000000,0.000000,2300,2300,2300,2300,2300,2300,2300,2300,2300,2300,2300,1,0,2265.793015999975,2265.793015999975,2265.793015999975,2265.793015999975,144.0
1747764936,2,,Aggregated,0.000000,0.000000,3200,3200,3200,3200,3200,3200,3200,3200,3200,3200,3200,2,0,2300.0,2754.5711689999735,2265.793015999975,3243.349321999972,144.0
1747764937,2,,Aggregated,0.000000,0.000000,3200,3200,3200,3200,3200,3200,3200,3200,3200,3200,3200,2,0,2300.0,2754.5711689999735,2265.793015999975,3243.349321999972,144.0
1747764938,2,,Aggregated,0.000000,0.000000,3200,3200,3200,3200,3200,3200,3200,3200,3200,3200,3200,2,0,2300.0,2754.5711689999735,2265.793015999975,3243.349321999972,144.0
1747764939,2,,Aggregated,0.000000,0.000000,3200,3200,3200,3200,3200,3200,3200,3200,3200,3200,3200,2,0,2300.0,2754.5711689999735,2265.793015999975,3243.349321999972,144.0
1747764940,2,,Aggregated,0.000000,0.000000,3200,3200,3200,3200,3200,3200,3200,3200,3200,3200,3200,2,0,2300.0,2754.5711689999735,2265.793015999975,3243.349321999972,144.0
1747764941,2,,Aggregated,0.000000,0.000000,3200,3200,3200,3200,3200,3200,3200,3200,3200,3200,3200,2,0,2300.0,2754.5711689999735,2265.793015999975,3243.349321999972,144.0
1747764942,2,,Aggregated,0.000000,0.000000,3200,3200,3200,3200,3200,3200,3200,3200,3200,3200,3200,2,0,2300.0,2754.5711689999735,2265.793015999975,3243.349321999972,144.0
1747764943,2,,Aggregated,0.200000,0.000000,2300,2300,3200,3200,3200,3200,3200,3200,3200,3200,3200,4,0,810.0,1717.3426307500108,550.8301680000613,3243.349321999972,144.0
1747764944,2,,Aggregated,0.200000,0.000000,810,810,2300,2300,3200,3200,3200,3200,3200,3200,3200,7,1,810.0,1254.056824714293,549.886473000015,3243.349321999972,144.0
1747764945,2,,Aggregated,0.200000,0.000000,810,810,810,2300,3200,3200,3200,3200,3200,3200,3200,10,4,810.0,1094.7497268999996,549.886473000015,3243.349321999972,144.0
1747764946,2,,Aggregated,0.200000,0.000000,810,810,810,2300,3200,3200,3200,3200,3200,3200,3200,10,4,810.0,1094.7497268999996,549.886473000015,3243.349321999972,144.0
1747764947,2,,Aggregated,0.200000,0.000000,810,810,810,2300,3200,3200,3200,3200,3200,3200,3200,10,4,810.0,1094.7497268999996,549.886473000015,3243.349321999972,144.0
1747764948,2,,Aggregated,0.800000,0.400000,810,810,810,810,2300,3200,3200,3200,3200,3200,3200,11,5,810.0,1045.3176161818192,549.886473000015,3243.349321999972,144.0
1747764949,2,,Aggregated,0.800000,0.400000,810,810,810,810,2300,3200,3200,3200,3200,3200,3200,12,6,810.0,1025.9131361666598,549.886473000015,3243.349321999972,144.0
1747764950,2,,Aggregated,0.800000,0.400000,810,810,810,810,2300,3200,3200,3200,3200,3200,3200,12,6,810.0,1025.9131361666598,549.886473000015,3243.349321999972,144.0
1747764951,2,,Aggregated,0.800000,0.400000,810,810,810,810,2300,3200,3200,3200,3200,3200,3200,12,6,810.0,1025.9131361666598,549.886473000015,3243.349321999972,144.0
1747764952,2,,Aggregated,0.800000,0.400000,810,810,810,810,2300,3200,3200,3200,3200,3200,3200,12,6,810.0,1025.9131361666598,549.886473000015,3243.349321999972,144.0
1747764953,2,,Aggregated,0.800000,0.400000,810,810,810,810,2300,3200,3200,3200,3200,3200,3200,12,6,810.0,1025.9131361666598,549.886473000015,3243.349321999972,144.0
1747764954,2,,Aggregated,0.800000,0.400000,810,810,810,810,2300,3200,3200,3200,3200,3200,3200,12,6,810.0,1025.9131361666598,549.886473000015,3243.349321999972,144.0
1747764955,2,,Aggregated,0.800000,0.400000,810,810,810,810,2300,3200,3200,3200,3200,3200,3200,12,6,810.0,1025.9131361666598,549.886473000015,3243.349321999972,144.0
1747764956,2,,Aggregated,0.800000,0.400000,810,810,810,810,2300,3200,3200,3200,3200,3200,3200,12,6,810.0,1025.9131361666598,549.886473000015,3243.349321999972,144.0
1747764957,2,,Aggregated,0.800000,0.400000,810,810,810,810,2300,3200,3200,3200,3200,3200,3200,12,6,810.0,1025.9131361666598,549.886473000015,3243.349321999972,144.0
1747764958,2,,Aggregated,0.800000,0.400000,810,810,810,810,2300,3200,3200,3200,3200,3200,3200,12,6,810.0,1025.9131361666598,549.886473000015,3243.349321999972,144.0
1747764959,2,,Aggregated,0.800000,0.400000,810,810,810,810,2300,3200,3200,3200,3200,3200,3200,12,6,810.0,1025.9131361666598,549.886473000015,3243.349321999972,144.0
1747764960,2,,Aggregated,0.800000,0.400000,810,810,810,810,2300,3200,3200,3200,3200,3200,3200,12,6,810.0,1025.9131361666598,549.886473000015,3243.349321999972,144.0
1747764961,2,,Aggregated,0.800000,0.400000,810,810,810,810,2300,3200,3200,3200,3200,3200,3200,12,6,810.0,1025.9131361666598,549.886473000015,3243.349321999972,144.0
1747764962,2,,Aggregated,0.800000,0.400000,810,810,810,810,2300,3200,3200,3200,3200,3200,3200,12,6,810.0,1025.9131361666598,549.886473000015,3243.349321999972,144.0
1747764963,2,,Aggregated,0.800000,0.400000,810,810,810,810,2300,3200,3200,3200,3200,3200,3200,12,6,810.0,1025.9131361666598,549.886473000015,3243.349321999972,144.0
1747764964,2,,Aggregated,0.800000,0.400000,810,810,810,810,2300,3200,3200,3200,3200,3200,3200,12,6,810.0,1025.9131361666598,549.886473000015,3243.349321999972,144.0
1747764965,2,,Aggregated,0.800000,0.400000,810,810,810,810,2300,3200,3200,3200,3200,3200,3200,12,6,810.0,1025.9131361666598,549.886473000015,3243.349321999972,144.0
1747764966,2,,Aggregated,0.800000,0.400000,810,810,810,810,2300,3200,3200,3200,3200,3200,3200,12,6,810.0,1025.9131361666598,549.886473000015,3243.349321999972,144.0
1747764967,2,,Aggregated,0.800000,0.400000,810,810,810,810,2300,3200,3200,3200,3200,3200,3200,12,6,810.0,1025.9131361666598,549.886473000015,3243.349321999972,144.0
1747764968,2,,Aggregated,0.800000,0.400000,810,810,810,810,2300,3200,3200,3200,3200,3200,3200,12,6,810.0,1025.9131361666598,549.886473000015,3243.349321999972,144.0
1747764969,2,,Aggregated,0.800000,0.400000,810,810,810,810,2300,3200,3200,3200,3200,3200,3200,12,6,810.0,1025.9131361666598,549.886473000015,3243.349321999972,144.0
1747764970,2,,Aggregated,0.800000,0.400000,810,810,810,810,2300,3200,3200,3200,3200,3200,3200,12,6,810.0,1025.9131361666598,549.886473000015,3243.349321999972,144.0
1747764971,2,,Aggregated,0.800000,0.400000,810,810,810,810,2300,3200,3200,3200,3200,3200,3200,12,6,810.0,1025.9131361666598,549.886473000015,3243.349321999972,144.0
1747764972,2,,Aggregated,0.800000,0.400000,810,810,810,810,2300,3200,3200,3200,3200,3200,3200,12,6,810.0,1025.9131361666598,549.886473000015,3243.349321999972,144.0
1747764973,2,,Aggregated,0.800000,0.400000,810,810,810,810,2300,3200,3200,3200,3200,3200,3200,12,6,810.0,1025.9131361666598,549.886473000015,3243.349321999972,144.0
1747764974,2,,Aggregated,0.800000,0.400000,810,810,810,810,2300,3200,3200,3200,3200,3200,3200,12,6,810.0,1025.9131361666598,549.886473000015,3243.349321999972,144.0
1747764975,2,,Aggregated,0.800000,0.400000,810,810,810,810,2300,3200,3200,3200,3200,3200,3200,12,6,810.0,1025.9131361666598,549.886473000015,3243.349321999972,144.0
1747764976,2,,Aggregated,0.800000,0.400000,810,810,810,810,2300,3200,3200,3200,3200,3200,3200,12,6,810.0,1025.9131361666598,549.886473000015,3243.349321999972,144.0
1747764977,2,,Aggregated,0.800000,0.400000,810,810,810,810,2300,3200,3200,3200,3200,3200,3200,12,6,810.0,1025.9131361666598,549.886473000015,3243.349321999972,144.0
1747764978,2,,Aggregated,0.800000,0.400000,810,810,810,810,2300,3200,3200,3200,3200,3200,3200,12,6,810.0,1025.9131361666598,549.886473000015,3243.349321999972,144.0
1747764979,2,,Aggregated,0.800000,0.400000,810,810,810,810,2300,3200,3200,3200,3200,3200,3200,12,6,810.0,1025.9131361666598,549.886473000015,3243.349321999972,144.0
1747764980,2,,Aggregated,0.800000,0.400000,810,810,810,810,2300,3200,3200,3200,3200,3200,3200,12,6,810.0,1025.9131361666598,549.886473000015,3243.349321999972,144.0
1747764981,2,,Aggregated,0.800000,0.400000,810,810,810,810,2300,3200,3200,3200,3200,3200,3200,12,6,810.0,1025.9131361666598,549.886473000015,3243.349321999972,144.0
1747764982,2,,Aggregated,0.800000,0.400000,810,810,810,810,2300,3200,3200,3200,3200,3200,3200,12,6,810.0,1025.9131361666598,549.886473000015,3243.349321999972,144.0
1747764983,2,,Aggregated,0.800000,0.400000,810,810,810,810,2300,3200,3200,3200,3200,3200,3200,12,6,810.0,1025.9131361666598,549.886473000015,3243.349321999972,144.0
1747764984,2,,Aggregated,0.800000,0.400000,810,810,810,810,2300,3200,3200,3200,3200,3200,3200,12,6,810.0,1025.9131361666598,549.886473000015,3243.349321999972,144.0
1747764985,2,,Aggregated,0.800000,0.400000,810,810,810,810,2300,3200,3200,3200,3200,3200,3200,12,6,810.0,1025.9131361666598,549.886473000015,3243.349321999972,144.0
1747764986,2,,Aggregated,0.800000,0.400000,810,810,810,810,2300,3200,3200,3200,3200,3200,3200,12,6,810.0,1025.9131361666598,549.886473000015,3243.349321999972,144.0
